username,url,user_type
joseramonc,https://github.com/joseramonc,Externals
vvakame,https://github.com/vvakame,Externals
tombh,https://github.com/tombh,Externals
vpeil,https://github.com/vpeil,Externals
natalieogle,https://github.com/natalieogle,Externals
hellendag,https://github.com/hellendag,Externals
giodamelio,https://github.com/giodamelio,Externals
ycai2,https://github.com/ycai2,Externals
acontreras89,https://github.com/acontreras89,Externals
driskell,https://github.com/driskell,Externals
MatthiasWinkelmann,https://github.com/MatthiasWinkelmann,Externals
drewchandler,https://github.com/drewchandler,Externals
vegar,https://github.com/vegar,Externals
sryze,https://github.com/sryze,Externals
pierredup,https://github.com/pierredup,Externals
xfontes42,https://github.com/xfontes42,Externals
tobiasvl,https://github.com/tobiasvl,Externals
fruchtose,https://github.com/fruchtose,Externals
matkoniecz,https://github.com/matkoniecz,Externals
farnabaz,https://github.com/farnabaz,Externals
flannelhead,https://github.com/flannelhead,Externals
daxlab,https://github.com/daxlab,Externals
herkyl,https://github.com/herkyl,Externals
steelbrain,https://github.com/steelbrain,Externals
remexre,https://github.com/remexre,Externals
Theswweet,https://github.com/Theswweet,Externals
philwyett-hemi,https://github.com/philwyett-hemi,Externals
xcvd,https://github.com/xcvd,Externals
derekgr,https://github.com/derekgr,Externals
dgm34,https://github.com/dgm34,Externals
flububb,https://github.com/flububb,Externals
Jonahss,https://github.com/Jonahss,Externals
octref,https://github.com/octref,Externals
Bjoernsen,https://github.com/Bjoernsen,Externals
cs150bf,https://github.com/cs150bf,Externals
TimvdLippe,https://github.com/TimvdLippe,Externals
steffengy,https://github.com/steffengy,Externals
dsine-de,https://github.com/dsine-de,Externals
zigal,https://github.com/zigal,Externals
jussi-kalliokoski,https://github.com/jussi-kalliokoski,Externals
jonjitsu,https://github.com/jonjitsu,Externals
sophearak,https://github.com/sophearak,Externals
dietmar,https://github.com/dietmar,Externals
Xapphire13,https://github.com/Xapphire13,Externals
Ferk,https://github.com/Ferk,Externals
m1guelpf,https://github.com/m1guelpf,Externals
wulftone,https://github.com/wulftone,Externals
tnm,https://github.com/tnm,Externals
grenade,https://github.com/grenade,Externals
liuxiong332,https://github.com/liuxiong332,Externals
jimgraham,https://github.com/jimgraham,Externals
ehuss,https://github.com/ehuss,Externals
ggreif,https://github.com/ggreif,Externals
brunetton,https://github.com/brunetton,Externals
akkatracker,https://github.com/akkatracker,Externals
Down10,https://github.com/Down10,Externals
RodrigoEspinosa,https://github.com/RodrigoEspinosa,Externals
jamsinclair,https://github.com/jamsinclair,Externals
jeancroy,https://github.com/jeancroy,Externals
brettle,https://github.com/brettle,Externals
fordhurley,https://github.com/fordhurley,Externals
williambout,https://github.com/williambout,Externals
fenuks,https://github.com/fenuks,Externals
subesokun,https://github.com/subesokun,Externals
alexandershov,https://github.com/alexandershov,Externals
AgentAntelope,https://github.com/AgentAntelope,Externals
adrianlee44,https://github.com/adrianlee44,Externals
jonmast,https://github.com/jonmast,Externals
akonwi,https://github.com/akonwi,Externals
joliv,https://github.com/joliv,Externals
portal-chan,https://github.com/portal-chan,Externals
1ace,https://github.com/1ace,Externals
pusateri,https://github.com/pusateri,Externals
pietro909,https://github.com/pietro909,Externals
MikeInnes,https://github.com/MikeInnes,Externals
GilTeixeira,https://github.com/GilTeixeira,Externals
danielbayley,https://github.com/danielbayley,Externals
cobyism,https://github.com/cobyism,Externals
vovkasm,https://github.com/vovkasm,Externals
adzenith,https://github.com/adzenith,Externals
laurmurclar,https://github.com/laurmurclar,Externals
FalkF,https://github.com/FalkF,Externals
stanfieldr,https://github.com/stanfieldr,Externals
proggga,https://github.com/proggga,Externals
viatsko,https://github.com/viatsko,Externals
jessfraz,https://github.com/jessfraz,Externals
marcbachmann,https://github.com/marcbachmann,Externals
matttbe,https://github.com/matttbe,Externals
idleberg,https://github.com/idleberg,Externals
fazlearefin,https://github.com/fazlearefin,Externals
Kangaroopower,https://github.com/Kangaroopower,Externals
lexicalunit,https://github.com/lexicalunit,Externals
MScottBlake,https://github.com/MScottBlake,Externals
CoolOppo,https://github.com/CoolOppo,Externals
wyand,https://github.com/wyand,Externals
Gaelan,https://github.com/Gaelan,Externals
colllin,https://github.com/colllin,Externals
bogdan-kulynych,https://github.com/bogdan-kulynych,Externals
nullstyle,https://github.com/nullstyle,Externals
kaiserfro,https://github.com/kaiserfro,Externals
warrenpnz,https://github.com/warrenpnz,Externals
mattbelland,https://github.com/mattbelland,Externals
absynce,https://github.com/absynce,Externals
avrahamruderman,https://github.com/avrahamruderman,Externals
jpelgrom,https://github.com/jpelgrom,Externals
rachelmyers,https://github.com/rachelmyers,Externals
jgebhardt,https://github.com/jgebhardt,Externals
liuderchi,https://github.com/liuderchi,Externals
ebayer,https://github.com/ebayer,Externals
rahatarmanahmed,https://github.com/rahatarmanahmed,Externals
alazaro,https://github.com/alazaro,Externals
edjubuh,https://github.com/edjubuh,Externals
aaronshaf,https://github.com/aaronshaf,Externals
zelon,https://github.com/zelon,Externals
jhasse,https://github.com/jhasse,Externals
TiagoDanin,https://github.com/TiagoDanin,Externals
DinisCruz,https://github.com/DinisCruz,Externals
casesandberg,https://github.com/casesandberg,Externals
ablakely,https://github.com/ablakely,Externals
ArnaudRinquin,https://github.com/ArnaudRinquin,Externals
phord,https://github.com/phord,Externals
mlloreda,https://github.com/mlloreda,Externals
frantic1048,https://github.com/frantic1048,Externals
tmunro,https://github.com/tmunro,Externals
pwagland,https://github.com/pwagland,Externals
ammarnajjar,https://github.com/ammarnajjar,Externals
him2him2,https://github.com/him2him2,Externals
varesa,https://github.com/varesa,Externals
benburkert,https://github.com/benburkert,Externals
m0x72,https://github.com/m0x72,Externals
arnavb,https://github.com/arnavb,Externals
vedharish,https://github.com/vedharish,Externals
isghe,https://github.com/isghe,Externals
jsomers,https://github.com/jsomers,Externals
hkdobrev,https://github.com/hkdobrev,Externals
mikezawitkowski,https://github.com/mikezawitkowski,Externals
Frozenfire92,https://github.com/Frozenfire92,Externals
deiga,https://github.com/deiga,Externals
yuanwhy,https://github.com/yuanwhy,Externals
kelunik,https://github.com/kelunik,Externals
thisiskj,https://github.com/thisiskj,Externals
neurosnap,https://github.com/neurosnap,Externals
a-moses,https://github.com/a-moses,Externals
malept,https://github.com/malept,Externals
yomybaby,https://github.com/yomybaby,Externals
dpen2000,https://github.com/dpen2000,Externals
philipgiuliani,https://github.com/philipgiuliani,Externals
pimentel,https://github.com/pimentel,Externals
jordanbtucker,https://github.com/jordanbtucker,Externals
kierans,https://github.com/kierans,Externals
luca-moser,https://github.com/luca-moser,Externals
khakionion,https://github.com/khakionion,Externals
didrocks,https://github.com/didrocks,Externals
tcyrus,https://github.com/tcyrus,Externals
alanyee,https://github.com/alanyee,Externals
bbenoist,https://github.com/bbenoist,Externals
jonathandelgado,https://github.com/jonathandelgado,Externals
IanLee1521,https://github.com/IanLee1521,Externals
mrnonz,https://github.com/mrnonz,Externals
pra85,https://github.com/pra85,Externals
steakknife,https://github.com/steakknife,Externals
tjkohli,https://github.com/tjkohli,Externals
wrongway4you,https://github.com/wrongway4you,Externals
KINFOO,https://github.com/KINFOO,Externals
pinak,https://github.com/pinak,Externals
alexchandel,https://github.com/alexchandel,Externals
lugrace,https://github.com/lugrace,Externals
EasyHard,https://github.com/EasyHard,Externals
ardhipoetra,https://github.com/ardhipoetra,Externals
yakirac,https://github.com/yakirac,Externals
Spice-King,https://github.com/Spice-King,Externals
schacon,https://github.com/schacon,Externals
andreicristianpetcu,https://github.com/andreicristianpetcu,Externals
BenRussert,https://github.com/BenRussert,Externals
erikhakansson,https://github.com/erikhakansson,Externals
CosmicWebServices,https://github.com/CosmicWebServices,Externals
themaninthesuitcase,https://github.com/themaninthesuitcase,Externals
ultramiraculous,https://github.com/ultramiraculous,Externals
nikhilofthesouth,https://github.com/nikhilofthesouth,Externals
brixen,https://github.com/brixen,Externals
shreyasminocha,https://github.com/shreyasminocha,Externals
Someguy123,https://github.com/Someguy123,Externals
Maxhodges,https://github.com/Maxhodges,Externals
abahgat,https://github.com/abahgat,Externals
PaulAik,https://github.com/PaulAik,Externals
lukecaputo,https://github.com/lukecaputo,Externals
jeffbonhag,https://github.com/jeffbonhag,Externals
jbrains,https://github.com/jbrains,Externals
ivernus,https://github.com/ivernus,Externals
pborreli,https://github.com/pborreli,Externals
danfuzz,https://github.com/danfuzz,Externals
DrPandemic,https://github.com/DrPandemic,Externals
natthu,https://github.com/natthu,Externals
clickthisnick,https://github.com/clickthisnick,Externals
teddybradford,https://github.com/teddybradford,Externals
kube,https://github.com/kube,Externals
SKAhack,https://github.com/SKAhack,Externals
krnowak,https://github.com/krnowak,Externals
avdv,https://github.com/avdv,Externals
marceloatie,https://github.com/marceloatie,Externals
jsoref,https://github.com/jsoref,Externals
avdg,https://github.com/avdg,Externals
outsideris,https://github.com/outsideris,Externals
stereobooster,https://github.com/stereobooster,Externals
torn4dom4n,https://github.com/torn4dom4n,Externals
jeremy-engel,https://github.com/jeremy-engel,Externals
tsunamistate,https://github.com/tsunamistate,Externals
p-e-w,https://github.com/p-e-w,Externals
pbiggar,https://github.com/pbiggar,Externals
captn3m0,https://github.com/captn3m0,Externals
mrngoitall,https://github.com/mrngoitall,Externals
stramel,https://github.com/stramel,Externals
verrazanof,https://github.com/verrazanof,Externals
bradgearon,https://github.com/bradgearon,Externals
0b10011,https://github.com/0b10011,Externals
Connormiha,https://github.com/Connormiha,Externals
sparanoid,https://github.com/sparanoid,Externals
klorenz,https://github.com/klorenz,Externals
AngelEzquerra,https://github.com/AngelEzquerra,Externals
aqchin,https://github.com/aqchin,Externals
wernight,https://github.com/wernight,Externals
mhw,https://github.com/mhw,Externals
royGil,https://github.com/royGil,Externals
skardach,https://github.com/skardach,Externals
samhunta,https://github.com/samhunta,Externals
dreiss,https://github.com/dreiss,Externals
coreylindsey,https://github.com/coreylindsey,Externals
aaronhalford,https://github.com/aaronhalford,Externals
b6pzeusbc54tvhw5jgpyw8pwz2x6gs,https://github.com/b6pzeusbc54tvhw5jgpyw8pwz2x6gs,Externals
onkrot,https://github.com/onkrot,Externals
alfredxing,https://github.com/alfredxing,Externals
kerryguard,https://github.com/kerryguard,Externals
n-riesco,https://github.com/n-riesco,Externals
evinugur,https://github.com/evinugur,Externals
efatsi,https://github.com/efatsi,Externals
bencolon,https://github.com/bencolon,Externals
ddavison,https://github.com/ddavison,Externals
dungeonmaster18,https://github.com/dungeonmaster18,Externals
oclbdk,https://github.com/oclbdk,Externals
Kreozot,https://github.com/Kreozot,Externals
LEDfan,https://github.com/LEDfan,Externals
mark-hahn,https://github.com/mark-hahn,Externals
j-em,https://github.com/j-em,Externals
kittens,https://github.com/kittens,Externals
brumm,https://github.com/brumm,Externals
anatoli26,https://github.com/anatoli26,Externals
drewmnoel,https://github.com/drewmnoel,Externals
blopker,https://github.com/blopker,Externals
rbottema,https://github.com/rbottema,Externals
strugee,https://github.com/strugee,Externals
Glavin001,https://github.com/Glavin001,Externals
rameshvarun,https://github.com/rameshvarun,Externals
fedorov,https://github.com/fedorov,Externals
dav-ell,https://github.com/dav-ell,Externals
adnelson,https://github.com/adnelson,Externals
qJake,https://github.com/qJake,Externals
GeoffreyFrogeye,https://github.com/GeoffreyFrogeye,Externals
Positive07,https://github.com/Positive07,Externals
brendannee,https://github.com/brendannee,Externals
dertuxmalwieder,https://github.com/dertuxmalwieder,Externals
bcoe,https://github.com/bcoe,Externals
lstoll,https://github.com/lstoll,Externals
PeterDaveHello,https://github.com/PeterDaveHello,Externals
radum,https://github.com/radum,Externals
rmartin,https://github.com/rmartin,Externals
chuckhendo,https://github.com/chuckhendo,Externals
erfanio,https://github.com/erfanio,Externals
lazy-ninja,https://github.com/lazy-ninja,Externals
livelazily,https://github.com/livelazily,Externals
bkeepers,https://github.com/bkeepers,Internals
maddox,https://github.com/maddox,Internals
ptoomey3,https://github.com/ptoomey3,Internals
leereilly,https://github.com/leereilly,Internals
zeke,https://github.com/zeke,Internals
