username,url,user_type
Ajeey,https://github.com/Ajeey,Externals
mawie81,https://github.com/mawie81,Externals
brentertz,https://github.com/brentertz,Externals
julianengel,https://github.com/julianengel,Externals
mhkeller,https://github.com/mhkeller,Externals
raybooysen,https://github.com/raybooysen,Externals
alexanderneu,https://github.com/alexanderneu,Externals
pedro,https://github.com/pedro,Externals
stefanbuck,https://github.com/stefanbuck,Externals
weiway,https://github.com/weiway,Externals
thanpolas,https://github.com/thanpolas,Externals
ovo4096,https://github.com/ovo4096,Externals
marksamman,https://github.com/marksamman,Externals
lucaslopes,https://github.com/lucaslopes,Externals
vQuagliaro,https://github.com/vQuagliaro,Externals
saghul,https://github.com/saghul,Externals
TechnicalSoup,https://github.com/TechnicalSoup,Externals
drewchandler,https://github.com/drewchandler,Externals
poppinlp,https://github.com/poppinlp,Externals
calmandniceperson,https://github.com/calmandniceperson,Externals
sryze,https://github.com/sryze,Externals
statico,https://github.com/statico,Externals
insideGen,https://github.com/insideGen,Externals
mike-engel,https://github.com/mike-engel,Externals
Golasowski,https://github.com/Golasowski,Externals
skhameneh,https://github.com/skhameneh,Externals
jcanaway,https://github.com/jcanaway,Externals
drulm,https://github.com/drulm,Externals
brianzelip,https://github.com/brianzelip,Externals
gunmetal313,https://github.com/gunmetal313,Externals
maxibanki,https://github.com/maxibanki,Externals
alopix,https://github.com/alopix,Externals
manosim,https://github.com/manosim,Externals
vitaliel,https://github.com/vitaliel,Externals
lurch,https://github.com/lurch,Externals
ysagal,https://github.com/ysagal,Externals
bhargavrpatel,https://github.com/bhargavrpatel,Externals
kewde,https://github.com/kewde,Externals
oktapodia,https://github.com/oktapodia,Externals
lukewestby,https://github.com/lukewestby,Externals
alexwhitman,https://github.com/alexwhitman,Externals
adammeyer,https://github.com/adammeyer,Externals
BobCochran,https://github.com/BobCochran,Externals
odensc,https://github.com/odensc,Externals
LittleboyHarry,https://github.com/LittleboyHarry,Externals
dataich,https://github.com/dataich,Externals
sqrthree,https://github.com/sqrthree,Externals
Geo1088,https://github.com/Geo1088,Externals
akameco,https://github.com/akameco,Externals
bjrmatos,https://github.com/bjrmatos,Externals
seppestas,https://github.com/seppestas,Externals
fbrinker,https://github.com/fbrinker,Externals
squarejaw,https://github.com/squarejaw,Externals
octref,https://github.com/octref,Externals
patr0nus,https://github.com/patr0nus,Externals
lockys,https://github.com/lockys,Externals
j3l11234,https://github.com/j3l11234,Externals
RobberPhex,https://github.com/RobberPhex,Externals
simast,https://github.com/simast,Externals
Arcath,https://github.com/Arcath,Externals
thedaniel,https://github.com/thedaniel,Externals
alexgleason,https://github.com/alexgleason,Externals
schwalbe10,https://github.com/schwalbe10,Externals
chriswmercer,https://github.com/chriswmercer,Externals
krainboltgreene,https://github.com/krainboltgreene,Externals
jdfwarrior,https://github.com/jdfwarrior,Externals
dalabarge,https://github.com/dalabarge,Externals
rmcdonald,https://github.com/rmcdonald,Externals
vivensio,https://github.com/vivensio,Externals
psh0628,https://github.com/psh0628,Externals
EthianWong,https://github.com/EthianWong,Externals
tiagotol,https://github.com/tiagotol,Externals
ArtskydJ,https://github.com/ArtskydJ,Externals
FWeinb,https://github.com/FWeinb,Externals
babanesma,https://github.com/babanesma,Externals
gzuidhof,https://github.com/gzuidhof,Externals
abdihaikal,https://github.com/abdihaikal,Externals
m1guelpf,https://github.com/m1guelpf,Externals
jotafeldmann,https://github.com/jotafeldmann,Externals
John2143,https://github.com/John2143,Externals
AndrewTsao,https://github.com/AndrewTsao,Externals
joshmarinacci,https://github.com/joshmarinacci,Externals
jublo,https://github.com/jublo,Externals
ssdong,https://github.com/ssdong,Externals
arniu,https://github.com/arniu,Externals
ArisLittle,https://github.com/ArisLittle,Externals
rhedshi,https://github.com/rhedshi,Externals
draivin,https://github.com/draivin,Externals
t-hofmann,https://github.com/t-hofmann,Externals
hinaria,https://github.com/hinaria,Externals
revi,https://github.com/revi,Externals
kyokutyo,https://github.com/kyokutyo,Externals
Vehemos,https://github.com/Vehemos,Externals
bsuh,https://github.com/bsuh,Externals
Dorian,https://github.com/Dorian,Externals
Pym,https://github.com/Pym,Externals
sbannigan,https://github.com/sbannigan,Externals
sitdh,https://github.com/sitdh,Externals
Haraldson,https://github.com/Haraldson,Externals
TomKaltz,https://github.com/TomKaltz,Externals
vHanda,https://github.com/vHanda,Externals
acburdine,https://github.com/acburdine,Externals
craigshoemaker,https://github.com/craigshoemaker,Externals
yunzhenhuan,https://github.com/yunzhenhuan,Externals
jhiggins-thrillist,https://github.com/jhiggins-thrillist,Externals
losnake,https://github.com/losnake,Externals
patrickdet,https://github.com/patrickdet,Externals
michal1106,https://github.com/michal1106,Externals
alex-sherwin,https://github.com/alex-sherwin,Externals
greggman,https://github.com/greggman,Externals
serant,https://github.com/serant,Externals
scotttrinh,https://github.com/scotttrinh,Externals
zachflower,https://github.com/zachflower,Externals
billyct,https://github.com/billyct,Externals
thomastuts,https://github.com/thomastuts,Externals
BraveNewMath,https://github.com/BraveNewMath,Externals
joshuabenuck,https://github.com/joshuabenuck,Externals
Crocmagnon,https://github.com/Crocmagnon,Externals
teiles,https://github.com/teiles,Externals
brunoqueiros,https://github.com/brunoqueiros,Externals
morris-stock,https://github.com/morris-stock,Externals
iamkun,https://github.com/iamkun,Externals
kiavashps,https://github.com/kiavashps,Externals
mal,https://github.com/mal,Externals
Casimodo,https://github.com/Casimodo,Externals
RevoluPowered,https://github.com/RevoluPowered,Externals
vaenow,https://github.com/vaenow,Externals
lazaruslarue,https://github.com/lazaruslarue,Externals
mafintosh,https://github.com/mafintosh,Externals
laiso,https://github.com/laiso,Externals
crowchirp,https://github.com/crowchirp,Externals
ungoldman,https://github.com/ungoldman,Externals
atdrago,https://github.com/atdrago,Externals
pocorschi,https://github.com/pocorschi,Externals
stanfieldr,https://github.com/stanfieldr,Externals
kostia,https://github.com/kostia,Externals
bnvk,https://github.com/bnvk,Externals
kevinsimper,https://github.com/kevinsimper,Externals
orderedlist,https://github.com/orderedlist,Externals
nikarc,https://github.com/nikarc,Externals
kstar0714,https://github.com/kstar0714,Externals
hankbao,https://github.com/hankbao,Externals
yibuyisheng,https://github.com/yibuyisheng,Externals
andykog,https://github.com/andykog,Externals
jprichardson,https://github.com/jprichardson,Externals
ellerbrock,https://github.com/ellerbrock,Externals
rxon,https://github.com/rxon,Externals
bigtimebuddy,https://github.com/bigtimebuddy,Externals
tomfloyer,https://github.com/tomfloyer,Externals
ldehai,https://github.com/ldehai,Externals
evlogii,https://github.com/evlogii,Externals
jin5354,https://github.com/jin5354,Externals
Ingramz,https://github.com/Ingramz,Externals
sprintr,https://github.com/sprintr,Externals
Gryff,https://github.com/Gryff,Externals
thingsinjars,https://github.com/thingsinjars,Externals
tom-james-watson,https://github.com/tom-james-watson,Externals
shokmaster,https://github.com/shokmaster,Externals
haadcode,https://github.com/haadcode,Externals
ivmirx,https://github.com/ivmirx,Externals
kylecorry31,https://github.com/kylecorry31,Externals
orzFly,https://github.com/orzFly,Externals
r0fls,https://github.com/r0fls,Externals
wilsonpage,https://github.com/wilsonpage,Externals
Spacetech,https://github.com/Spacetech,Externals
calidion,https://github.com/calidion,Externals
abouthiroppy,https://github.com/abouthiroppy,Externals
lgalabru,https://github.com/lgalabru,Externals
MagiCarbon,https://github.com/MagiCarbon,Externals
mbarthelemy,https://github.com/mbarthelemy,Externals
ColMugX,https://github.com/ColMugX,Externals
ialexryan,https://github.com/ialexryan,Externals
Tribex,https://github.com/Tribex,Externals
Godoy,https://github.com/Godoy,Externals
WenryXu,https://github.com/WenryXu,Externals
mattslay,https://github.com/mattslay,Externals
frewsxcv,https://github.com/frewsxcv,Externals
SLiNv,https://github.com/SLiNv,Externals
j13z,https://github.com/j13z,Externals
deed02392,https://github.com/deed02392,Externals
hdwong,https://github.com/hdwong,Externals
Starefossen,https://github.com/Starefossen,Externals
ttilley,https://github.com/ttilley,Externals
hugomano,https://github.com/hugomano,Externals
OctoHuman,https://github.com/OctoHuman,Externals
mikoto2000,https://github.com/mikoto2000,Externals
dashersw,https://github.com/dashersw,Externals
kyku,https://github.com/kyku,Externals
DustinX,https://github.com/DustinX,Externals
lisurc,https://github.com/lisurc,Externals
flying-sheep,https://github.com/flying-sheep,Externals
solinium,https://github.com/solinium,Externals
chadluo,https://github.com/chadluo,Externals
liuderchi,https://github.com/liuderchi,Externals
EnterTheNameHere,https://github.com/EnterTheNameHere,Externals
xaverh,https://github.com/xaverh,Externals
carsonmcdonald,https://github.com/carsonmcdonald,Externals
michaelzoidl,https://github.com/michaelzoidl,Externals
sneakypete81,https://github.com/sneakypete81,Externals
elvongray,https://github.com/elvongray,Externals
rahatarmanahmed,https://github.com/rahatarmanahmed,Externals
RIAEvangelist,https://github.com/RIAEvangelist,Externals
AdrienFery,https://github.com/AdrienFery,Externals
bwin,https://github.com/bwin,Externals
matt-way,https://github.com/matt-way,Externals
rhencke,https://github.com/rhencke,Externals
Kushagra8888,https://github.com/Kushagra8888,Externals
mjudd,https://github.com/mjudd,Externals
hrubilov,https://github.com/hrubilov,Externals
bureken,https://github.com/bureken,Externals
campersau,https://github.com/campersau,Externals
dalinaum,https://github.com/dalinaum,Externals
gregnolle,https://github.com/gregnolle,Externals
dakira,https://github.com/dakira,Externals
jiaz,https://github.com/jiaz,Externals
lgeiger,https://github.com/lgeiger,Externals
bowbowbow,https://github.com/bowbowbow,Externals
guatedude2,https://github.com/guatedude2,Externals
Joshua-Anderson,https://github.com/Joshua-Anderson,Externals
Rosey,https://github.com/Rosey,Externals
arusakov,https://github.com/arusakov,Externals
KevinRamsunder,https://github.com/KevinRamsunder,Externals
amor520,https://github.com/amor520,Externals
andens,https://github.com/andens,Externals
Alex-D,https://github.com/Alex-D,Externals
BenV,https://github.com/BenV,Externals
ericbrumer,https://github.com/ericbrumer,Externals
PButcher,https://github.com/PButcher,Externals
ecmadao,https://github.com/ecmadao,Externals
kanemontreuil,https://github.com/kanemontreuil,Externals
as3boyan,https://github.com/as3boyan,Externals
neilstuartcraig,https://github.com/neilstuartcraig,Externals
lovemyliwu,https://github.com/lovemyliwu,Externals
SudarAbisheck,https://github.com/SudarAbisheck,Externals
yuit,https://github.com/yuit,Externals
erkyrath,https://github.com/erkyrath,Externals
renatoalencar,https://github.com/renatoalencar,Externals
anthonyryan1,https://github.com/anthonyryan1,Externals
alexwarren,https://github.com/alexwarren,Externals
chicoxyzzy,https://github.com/chicoxyzzy,Externals
chris-ls,https://github.com/chris-ls,Externals
be5invis,https://github.com/be5invis,Externals
TheDancingCode,https://github.com/TheDancingCode,Externals
awaigand,https://github.com/awaigand,Externals
sunaiwen,https://github.com/sunaiwen,Externals
hughsk,https://github.com/hughsk,Externals
bcomnes,https://github.com/bcomnes,Externals
mattotodd,https://github.com/mattotodd,Externals
nicmitchell,https://github.com/nicmitchell,Externals
mattlyons0,https://github.com/mattlyons0,Externals
joe-re,https://github.com/joe-re,Externals
josephfrazier,https://github.com/josephfrazier,Externals
wearhere,https://github.com/wearhere,Externals
ffdd,https://github.com/ffdd,Externals
rafbm,https://github.com/rafbm,Externals
menq,https://github.com/menq,Externals
Cfeusier,https://github.com/Cfeusier,Externals
jessegrosjean,https://github.com/jessegrosjean,Externals
takashi,https://github.com/takashi,Externals
gioggio,https://github.com/gioggio,Externals
darwin,https://github.com/darwin,Externals
austinmoore-,https://github.com/austinmoore-,Externals
fraserxu,https://github.com/fraserxu,Externals
kant2002,https://github.com/kant2002,Externals
kevva,https://github.com/kevva,Externals
diegowifi,https://github.com/diegowifi,Externals
ChangJoo-Park,https://github.com/ChangJoo-Park,Externals
rsezille,https://github.com/rsezille,Externals
CGamesPlay,https://github.com/CGamesPlay,Externals
LShun,https://github.com/LShun,Externals
janwiemers,https://github.com/janwiemers,Externals
learningjs,https://github.com/learningjs,Externals
lauracpierre,https://github.com/lauracpierre,Externals
guillaumeguerin,https://github.com/guillaumeguerin,Externals
kanatapple,https://github.com/kanatapple,Externals
LeMoussel,https://github.com/LeMoussel,Externals
beardicus,https://github.com/beardicus,Externals
SimplyAhmazing,https://github.com/SimplyAhmazing,Externals
wangdashuaihenshuai,https://github.com/wangdashuaihenshuai,Externals
tcyrus,https://github.com/tcyrus,Externals
Wolfer,https://github.com/Wolfer,Externals
geoff-codes,https://github.com/geoff-codes,Externals
dharders,https://github.com/dharders,Externals
alexandrubau,https://github.com/alexandrubau,Externals
tensor5,https://github.com/tensor5,Externals
flaub,https://github.com/flaub,Externals
Gerhut,https://github.com/Gerhut,Externals
leemac,https://github.com/leemac,Externals
thorbenegberts,https://github.com/thorbenegberts,Externals
sauber92,https://github.com/sauber92,Externals
swashcap,https://github.com/swashcap,Externals
brandoncash,https://github.com/brandoncash,Externals
omo,https://github.com/omo,Externals
vitorgalvao,https://github.com/vitorgalvao,Externals
lsegal,https://github.com/lsegal,Externals
caibirdme,https://github.com/caibirdme,Externals
muryoimpl,https://github.com/muryoimpl,Externals
commadelimited,https://github.com/commadelimited,Externals
yoshuawuyts,https://github.com/yoshuawuyts,Externals
dmnlk,https://github.com/dmnlk,Externals
senorflor,https://github.com/senorflor,Externals
owais,https://github.com/owais,Externals
numaanashraf,https://github.com/numaanashraf,Externals
eddiezane,https://github.com/eddiezane,Externals
anhulife,https://github.com/anhulife,Externals
nickytonline,https://github.com/nickytonline,Externals
quicksnap,https://github.com/quicksnap,Externals
wlbentley,https://github.com/wlbentley,Externals
philwyett-hemi,https://github.com/philwyett-hemi,Externals
feserafim,https://github.com/feserafim,Externals
jnugh,https://github.com/jnugh,Externals
tylergibson,https://github.com/tylergibson,Externals
pedrro,https://github.com/pedrro,Externals
duswlsgur,https://github.com/duswlsgur,Externals
wgrafael,https://github.com/wgrafael,Externals
Rastaban,https://github.com/Rastaban,Externals
maxcnunes,https://github.com/maxcnunes,Externals
fdelayen,https://github.com/fdelayen,Externals
johangp,https://github.com/johangp,Externals
sonnyp,https://github.com/sonnyp,Externals
clevertonh,https://github.com/clevertonh,Externals
antoinepairet,https://github.com/antoinepairet,Externals
blainesch,https://github.com/blainesch,Externals
LartSimZ,https://github.com/LartSimZ,Externals
weakish,https://github.com/weakish,Externals
TJkrusinski,https://github.com/TJkrusinski,Externals
ylaassel,https://github.com/ylaassel,Externals
jasssonpet,https://github.com/jasssonpet,Externals
paulyoung,https://github.com/paulyoung,Externals
Tyriar,https://github.com/Tyriar,Externals
amitmerchant1990,https://github.com/amitmerchant1990,Externals
Anatzum,https://github.com/Anatzum,Externals
lygstate,https://github.com/lygstate,Externals
roadev,https://github.com/roadev,Externals
shama,https://github.com/shama,Externals
ankitaggarwal011,https://github.com/ankitaggarwal011,Externals
kainjow,https://github.com/kainjow,Externals
tomashanacek,https://github.com/tomashanacek,Externals
robbix1206,https://github.com/robbix1206,Externals
LaurentLeVan,https://github.com/LaurentLeVan,Externals
bendrucker,https://github.com/bendrucker,Externals
odedhb,https://github.com/odedhb,Externals
pborreli,https://github.com/pborreli,Externals
aichingm,https://github.com/aichingm,Externals
Navgeet,https://github.com/Navgeet,Externals
veleek,https://github.com/veleek,Externals
joeydlee95,https://github.com/joeydlee95,Externals
x87,https://github.com/x87,Externals
radarhere,https://github.com/radarhere,Externals
fasterthanlime,https://github.com/fasterthanlime,Externals
springmeyer,https://github.com/springmeyer,Externals
sergeybekrin,https://github.com/sergeybekrin,Externals
ReadmeCritic,https://github.com/ReadmeCritic,Externals
JimiC,https://github.com/JimiC,Externals
TasukuUno,https://github.com/TasukuUno,Externals
primalmotion,https://github.com/primalmotion,Externals
tejaspathak,https://github.com/tejaspathak,Externals
rafaelnobrepd,https://github.com/rafaelnobrepd,Externals
andrewda,https://github.com/andrewda,Externals
paulinaika,https://github.com/paulinaika,Externals
MrSurly,https://github.com/MrSurly,Externals
templateK,https://github.com/templateK,Externals
anshao,https://github.com/anshao,Externals
CoolOppo,https://github.com/CoolOppo,Externals
HAMIDx9,https://github.com/HAMIDx9,Externals
p-jackson,https://github.com/p-jackson,Externals
shunkit,https://github.com/shunkit,Externals
emmkimme,https://github.com/emmkimme,Externals
khornberg,https://github.com/khornberg,Externals
christian-bromann,https://github.com/christian-bromann,Externals
xaviergonz,https://github.com/xaviergonz,Externals
HayateLaTech,https://github.com/HayateLaTech,Externals
shainnif,https://github.com/shainnif,Externals
jeffdm,https://github.com/jeffdm,Externals
hashedhyphen,https://github.com/hashedhyphen,Externals
aluxian,https://github.com/aluxian,Externals
gmr,https://github.com/gmr,Externals
mmastrac,https://github.com/mmastrac,Externals
mariozaizar,https://github.com/mariozaizar,Externals
osanyin,https://github.com/osanyin,Externals
johnhaley81,https://github.com/johnhaley81,Externals
waywardmonkeys,https://github.com/waywardmonkeys,Externals
Siilwyn,https://github.com/Siilwyn,Externals
sk2,https://github.com/sk2,Externals
josimi,https://github.com/josimi,Externals
akost,https://github.com/akost,Externals
federicobond,https://github.com/federicobond,Externals
popod,https://github.com/popod,Externals
parro-it,https://github.com/parro-it,Externals
nuriu,https://github.com/nuriu,Externals
jrehbein,https://github.com/jrehbein,Externals
paulatbipsync,https://github.com/paulatbipsync,Externals
envygeeks,https://github.com/envygeeks,Externals
zombieleet,https://github.com/zombieleet,Externals
jpittner,https://github.com/jpittner,Externals
wan-qy,https://github.com/wan-qy,Externals
TanninOne,https://github.com/TanninOne,Externals
Ikana,https://github.com/Ikana,Externals
markwylde,https://github.com/markwylde,Externals
sourenaraya,https://github.com/sourenaraya,Externals
suryast,https://github.com/suryast,Externals
PeterDaveHello,https://github.com/PeterDaveHello,Externals
neutrous,https://github.com/neutrous,Externals
adambuckland,https://github.com/adambuckland,Externals
robertlyall,https://github.com/robertlyall,Externals
omerfarukozdemir,https://github.com/omerfarukozdemir,Externals
syohex,https://github.com/syohex,Externals
island205,https://github.com/island205,Externals
nitsakh,https://github.com/nitsakh,Externals
dengyaolong,https://github.com/dengyaolong,Externals
TingPing,https://github.com/TingPing,Externals
lukeadams,https://github.com/lukeadams,Externals
Ivshti,https://github.com/Ivshti,Externals
robertfirespotter,https://github.com/robertfirespotter,Externals
kyo-ago,https://github.com/kyo-ago,Externals
tsekityam,https://github.com/tsekityam,Externals
zicai,https://github.com/zicai,Externals
njbmartin,https://github.com/njbmartin,Externals
hansrwindhoff,https://github.com/hansrwindhoff,Externals
importcjj,https://github.com/importcjj,Externals
cesarandreu,https://github.com/cesarandreu,Externals
czipperz,https://github.com/czipperz,Externals
adamkidder,https://github.com/adamkidder,Externals
minggo,https://github.com/minggo,Externals
geelen,https://github.com/geelen,Externals
markisadesignerd,https://github.com/markisadesignerd,Externals
0xbrt,https://github.com/0xbrt,Externals
lepinay,https://github.com/lepinay,Externals
ritazh,https://github.com/ritazh,Externals
samthomson,https://github.com/samthomson,Externals
diracdeltas,https://github.com/diracdeltas,Externals
simonmysun,https://github.com/simonmysun,Externals
OuYancey,https://github.com/OuYancey,Externals
LasseJacobs,https://github.com/LasseJacobs,Externals
Yarkhan,https://github.com/Yarkhan,Externals
maxbeatty,https://github.com/maxbeatty,Externals
timfish,https://github.com/timfish,Externals
hongrich,https://github.com/hongrich,Externals
SamyPesse,https://github.com/SamyPesse,Externals
Meyito,https://github.com/Meyito,Externals
HanaeKae,https://github.com/HanaeKae,Externals
dpatou,https://github.com/dpatou,Externals
DanTheMan827,https://github.com/DanTheMan827,Externals
KagamiChan,https://github.com/KagamiChan,Externals
ccnokes,https://github.com/ccnokes,Externals
vasumahesh1,https://github.com/vasumahesh1,Externals
MathieuDebit,https://github.com/MathieuDebit,Externals
madarche,https://github.com/madarche,Externals
wolfgang42,https://github.com/wolfgang42,Externals
geoff-addepar,https://github.com/geoff-addepar,Externals
hansenzhang,https://github.com/hansenzhang,Externals
nabeelomer,https://github.com/nabeelomer,Externals
makerGeek,https://github.com/makerGeek,Externals
brianfajardo,https://github.com/brianfajardo,Externals
romankl,https://github.com/romankl,Externals
vprasanth,https://github.com/vprasanth,Externals
megahertz,https://github.com/megahertz,Externals
juanpaulo,https://github.com/juanpaulo,Externals
nuivall,https://github.com/nuivall,Externals
k0kubun,https://github.com/k0kubun,Externals
sergeysova,https://github.com/sergeysova,Externals
ArcticZeroo,https://github.com/ArcticZeroo,Externals
jonathansampson,https://github.com/jonathansampson,Externals
tengyifei,https://github.com/tengyifei,Externals
jeroenvisser101,https://github.com/jeroenvisser101,Externals
Vj3k0,https://github.com/Vj3k0,Externals
kirly-af,https://github.com/kirly-af,Externals
fierroformo,https://github.com/fierroformo,Externals
doraeric,https://github.com/doraeric,Externals
ThaddeusJiang,https://github.com/ThaddeusJiang,Externals
Nirmal4G,https://github.com/Nirmal4G,Externals
ajsb85,https://github.com/ajsb85,Externals
KevinMartin,https://github.com/KevinMartin,Externals
batjko,https://github.com/batjko,Externals
hamxiaoz,https://github.com/hamxiaoz,Externals
teleclimber,https://github.com/teleclimber,Externals
dumconstantin,https://github.com/dumconstantin,Externals
VarunAgw,https://github.com/VarunAgw,Externals
ZhangYueqiu,https://github.com/ZhangYueqiu,Externals
thomasjfox1,https://github.com/thomasjfox1,Externals
gjtorikian,https://github.com/gjtorikian,Internals
maxbrunsfeld,https://github.com/maxbrunsfeld,Internals
mcolyer,https://github.com/mcolyer,Internals
as-cii,https://github.com/as-cii,Internals
iolsen,https://github.com/iolsen,Internals
bkeepers,https://github.com/bkeepers,Internals
