username,url,user_type
aqnouch,https://github.com/aqnouch,Externals
zacstewart,https://github.com/zacstewart,Externals
strangewarp,https://github.com/strangewarp,Externals
shrayasr,https://github.com/shrayasr,Externals
cflee,https://github.com/cflee,Externals
wagenet,https://github.com/wagenet,Externals
chezwicker,https://github.com/chezwicker,Externals
lostcolony,https://github.com/lostcolony,Externals
igrigorik,https://github.com/igrigorik,Externals
joshterrell805,https://github.com/joshterrell805,Externals
rkirsling,https://github.com/rkirsling,Externals
BerkeleyTrue,https://github.com/BerkeleyTrue,Externals
mmullis,https://github.com/mmullis,Externals
ianmjones,https://github.com/ianmjones,Externals
r0man,https://github.com/r0man,Externals
scottclowe,https://github.com/scottclowe,Externals
rlsosborne,https://github.com/rlsosborne,Externals
bwestlin,https://github.com/bwestlin,Externals
wjk,https://github.com/wjk,Externals
MarcianoPreciado,https://github.com/MarcianoPreciado,Externals
scttnlsn,https://github.com/scttnlsn,Externals
wadetandy,https://github.com/wadetandy,Externals
tmcw,https://github.com/tmcw,Externals
AnthonyDGreen,https://github.com/AnthonyDGreen,Externals
peol,https://github.com/peol,Externals
mbdoud,https://github.com/mbdoud,Externals
lamestation,https://github.com/lamestation,Externals
matkoniecz,https://github.com/matkoniecz,Externals
s0meone,https://github.com/s0meone,Externals
hoosierEE,https://github.com/hoosierEE,Externals
mlrawlings,https://github.com/mlrawlings,Externals
oxan,https://github.com/oxan,Externals
gentoo90,https://github.com/gentoo90,Externals
zmanji,https://github.com/zmanji,Externals
dveeden,https://github.com/dveeden,Externals
bkerley,https://github.com/bkerley,Externals
akashivskyy,https://github.com/akashivskyy,Externals
thestinger,https://github.com/thestinger,Externals
adityam,https://github.com/adityam,Externals
ruben2020,https://github.com/ruben2020,Externals
wesdawg,https://github.com/wesdawg,Externals
waltherg,https://github.com/waltherg,Externals
ethanwhite,https://github.com/ethanwhite,Externals
sylvestre,https://github.com/sylvestre,Externals
CyberShadow,https://github.com/CyberShadow,Externals
SparkysWidgets,https://github.com/SparkysWidgets,Externals
cjdrake,https://github.com/cjdrake,Externals
kprevas,https://github.com/kprevas,Externals
matiasinsaurralde,https://github.com/matiasinsaurralde,Externals
le717,https://github.com/le717,Externals
Madsn,https://github.com/Madsn,Externals
flaviusb,https://github.com/flaviusb,Externals
danielgtaylor,https://github.com/danielgtaylor,Externals
stuarthalloway,https://github.com/stuarthalloway,Externals
mr-c,https://github.com/mr-c,Externals
Jaykul,https://github.com/Jaykul,Externals
hnryjms,https://github.com/hnryjms,Externals
jcazevedo,https://github.com/jcazevedo,Externals
sstephenson,https://github.com/sstephenson,Externals
tuzz,https://github.com/tuzz,Externals
elehcim,https://github.com/elehcim,Externals
eschulte,https://github.com/eschulte,Externals
thesave,https://github.com/thesave,Externals
BruceKnowsHow,https://github.com/BruceKnowsHow,Externals
mthadley,https://github.com/mthadley,Externals
seldridge,https://github.com/seldridge,Externals
nixel2007,https://github.com/nixel2007,Externals
redj,https://github.com/redj,Externals
rkh,https://github.com/rkh,Externals
PJB3005,https://github.com/PJB3005,Externals
DrItanium,https://github.com/DrItanium,Externals
ptrv,https://github.com/ptrv,Externals
Frigolit,https://github.com/Frigolit,Externals
kassi,https://github.com/kassi,Externals
ratherblue,https://github.com/ratherblue,Externals
afronski,https://github.com/afronski,Externals
jeabakker,https://github.com/jeabakker,Externals
jkutner,https://github.com/jkutner,Externals
johnjcamilleri,https://github.com/johnjcamilleri,Externals
lsf37,https://github.com/lsf37,Externals
davidaylaian,https://github.com/davidaylaian,Externals
brcooley,https://github.com/brcooley,Externals
Hardmath123,https://github.com/Hardmath123,Externals
jdf,https://github.com/jdf,Externals
lepture,https://github.com/lepture,Externals
greystate,https://github.com/greystate,Externals
rneatherway,https://github.com/rneatherway,Externals
rpavlick,https://github.com/rpavlick,Externals
codecat,https://github.com/codecat,Externals
rtomayko,https://github.com/rtomayko,Externals
wjlroe,https://github.com/wjlroe,Externals
cjllanwarne,https://github.com/cjllanwarne,Externals
elibarzilay,https://github.com/elibarzilay,Externals
wil93,https://github.com/wil93,Externals
miksen,https://github.com/miksen,Externals
tbodt,https://github.com/tbodt,Externals
jeffkreeftmeijer,https://github.com/jeffkreeftmeijer,Externals
killmous,https://github.com/killmous,Externals
gwadej,https://github.com/gwadej,Externals
Mouq,https://github.com/Mouq,Externals
timjb,https://github.com/timjb,Externals
aleksijuvani,https://github.com/aleksijuvani,Externals
MeirKriheli,https://github.com/MeirKriheli,Externals
felixphew,https://github.com/felixphew,Externals
developerinlondon,https://github.com/developerinlondon,Externals
ilovb,https://github.com/ilovb,Externals
trishume,https://github.com/trishume,Externals
jaredpetersen,https://github.com/jaredpetersen,Externals
MahmoudFayed,https://github.com/MahmoudFayed,Externals
mihneadb,https://github.com/mihneadb,Externals
klpn,https://github.com/klpn,Externals
yutannihilation,https://github.com/yutannihilation,Externals
zhensydow,https://github.com/zhensydow,Externals
sshirokov,https://github.com/sshirokov,Externals
paulmillr,https://github.com/paulmillr,Externals
hartsantler,https://github.com/hartsantler,Externals
seancoyne,https://github.com/seancoyne,Externals
thomshouse,https://github.com/thomshouse,Externals
maximusvladimir,https://github.com/maximusvladimir,Externals
ChimeraCoder,https://github.com/ChimeraCoder,Externals
wcpines,https://github.com/wcpines,Externals
jbrooksuk,https://github.com/jbrooksuk,Externals
remiprev,https://github.com/remiprev,Externals
DavidSkrundz,https://github.com/DavidSkrundz,Externals
natcl,https://github.com/natcl,Externals
supahgreg,https://github.com/supahgreg,Externals
computmaxer,https://github.com/computmaxer,Externals
jakepetroules,https://github.com/jakepetroules,Externals
zhemao,https://github.com/zhemao,Externals
borgified,https://github.com/borgified,Externals
kostko,https://github.com/kostko,Externals
reactormonk,https://github.com/reactormonk,Externals
meh,https://github.com/meh,Externals
Verteiron,https://github.com/Verteiron,Externals
fkg,https://github.com/fkg,Externals
mgalloy,https://github.com/mgalloy,Externals
othree,https://github.com/othree,Externals
jin,https://github.com/jin,Externals
goodmind,https://github.com/goodmind,Externals
Limess,https://github.com/Limess,Externals
choofie,https://github.com/choofie,Externals
ammaraskar,https://github.com/ammaraskar,Externals
mbezjak,https://github.com/mbezjak,Externals
tinnet,https://github.com/tinnet,Externals
gdi2290,https://github.com/gdi2290,Externals
amclain,https://github.com/amclain,Externals
binki,https://github.com/binki,Externals
dcmoore-gd,https://github.com/dcmoore-gd,Externals
thewilkybarkid,https://github.com/thewilkybarkid,Externals
thorn0,https://github.com/thorn0,Externals
quarterto,https://github.com/quarterto,Externals
DominikTo,https://github.com/DominikTo,Externals
brson,https://github.com/brson,Externals
GordonSmith,https://github.com/GordonSmith,Externals
rlidwka,https://github.com/rlidwka,Externals
calavera,https://github.com/calavera,Externals
mrorii,https://github.com/mrorii,Externals
jvanegmond,https://github.com/jvanegmond,Externals
joelparkerhenderson,https://github.com/joelparkerhenderson,Externals
cpojer,https://github.com/cpojer,Externals
rvanmil,https://github.com/rvanmil,Externals
jonsterling,https://github.com/jonsterling,Externals
jkrmr,https://github.com/jkrmr,Externals
rofl0r,https://github.com/rofl0r,Externals
pcantrell,https://github.com/pcantrell,Externals
cndreisbach,https://github.com/cndreisbach,Externals
askreet,https://github.com/askreet,Externals
jkrems,https://github.com/jkrems,Externals
vighnesh1987,https://github.com/vighnesh1987,Externals
eeue56,https://github.com/eeue56,Externals
sgallagher,https://github.com/sgallagher,Externals
sbisbee,https://github.com/sbisbee,Externals
brandonwamboldt,https://github.com/brandonwamboldt,Externals
ktdreyer,https://github.com/ktdreyer,Externals
JoshCheek,https://github.com/JoshCheek,Externals
trq,https://github.com/trq,Externals
philix,https://github.com/philix,Externals
webhat,https://github.com/webhat,Externals
midraed,https://github.com/midraed,Externals
vivekgalatage,https://github.com/vivekgalatage,Externals
rognierbenoit,https://github.com/rognierbenoit,Externals
svenefftinge,https://github.com/svenefftinge,Externals
thezim,https://github.com/thezim,Externals
untitaker,https://github.com/untitaker,Externals
Flyingmana,https://github.com/Flyingmana,Externals
cjxgm,https://github.com/cjxgm,Externals
MatthewFluet,https://github.com/MatthewFluet,Externals
iWader,https://github.com/iWader,Externals
thejameskyle,https://github.com/thejameskyle,Externals
archywilhes,https://github.com/archywilhes,Externals
tesch1,https://github.com/tesch1,Externals
kevinjalbert,https://github.com/kevinjalbert,Externals
deviantintegral,https://github.com/deviantintegral,Externals
lawrencewoodman,https://github.com/lawrencewoodman,Externals
nwolverson,https://github.com/nwolverson,Externals
JDutil,https://github.com/JDutil,Externals
chrisarcand,https://github.com/chrisarcand,Externals
robstoll,https://github.com/robstoll,Externals
zulus,https://github.com/zulus,Externals
multiprecision,https://github.com/multiprecision,Externals
robsimmons,https://github.com/robsimmons,Externals
rodjek,https://github.com/rodjek,Externals
MakeNowJust,https://github.com/MakeNowJust,Externals
laomaiweng,https://github.com/laomaiweng,Externals
olivergondza,https://github.com/olivergondza,Externals
hawkw,https://github.com/hawkw,Externals
moorepants,https://github.com/moorepants,Externals
abuiles,https://github.com/abuiles,Externals
REAS,https://github.com/REAS,Externals
xbony2,https://github.com/xbony2,Externals
horndude77,https://github.com/horndude77,Externals
a0viedo,https://github.com/a0viedo,Externals
dmoisset,https://github.com/dmoisset,Externals
jowido,https://github.com/jowido,Externals
techniq,https://github.com/techniq,Externals
DHowett,https://github.com/DHowett,Externals
dzidzitop,https://github.com/dzidzitop,Externals
ztmr,https://github.com/ztmr,Externals
Visgean,https://github.com/Visgean,Externals
PulsarBlow,https://github.com/PulsarBlow,Externals
danp,https://github.com/danp,Externals
MaickelHubner,https://github.com/MaickelHubner,Externals
MartinNowak,https://github.com/MartinNowak,Externals
yohny,https://github.com/yohny,Externals
fbonzon,https://github.com/fbonzon,Externals
Dadido3,https://github.com/Dadido3,Externals
jaaso,https://github.com/jaaso,Externals
sylveon,https://github.com/sylveon,Externals
radeksimko,https://github.com/radeksimko,Externals
sergeyklay,https://github.com/sergeyklay,Externals
roodboi,https://github.com/roodboi,Externals
lutoma,https://github.com/lutoma,Externals
db0company,https://github.com/db0company,Externals
Leushenko,https://github.com/Leushenko,Externals
frewsxcv,https://github.com/frewsxcv,Externals
evgenyneu,https://github.com/evgenyneu,Externals
rschiang,https://github.com/rschiang,Externals
akre54,https://github.com/akre54,Externals
yegortimoshenko,https://github.com/yegortimoshenko,Externals
bmeck,https://github.com/bmeck,Externals
edm00se,https://github.com/edm00se,Externals
berkerpeksag,https://github.com/berkerpeksag,Externals
tessarin,https://github.com/tessarin,Externals
uo-hrsys,https://github.com/uo-hrsys,Externals
dwarfland,https://github.com/dwarfland,Externals
phuicy,https://github.com/phuicy,Externals
robnewman,https://github.com/robnewman,Externals
shaneog,https://github.com/shaneog,Externals
tautologico,https://github.com/tautologico,Externals
AdamFerguson,https://github.com/AdamFerguson,Externals
mikepurvis,https://github.com/mikepurvis,Externals
yandy,https://github.com/yandy,Externals
j-jorge,https://github.com/j-jorge,Externals
Crissov,https://github.com/Crissov,Externals
aoetk,https://github.com/aoetk,Externals
horchler,https://github.com/horchler,Externals
lqez,https://github.com/lqez,Externals
orthopteroid,https://github.com/orthopteroid,Externals
freak4pc,https://github.com/freak4pc,Externals
fushnisoft,https://github.com/fushnisoft,Externals
Ziaw,https://github.com/Ziaw,Externals
PaulBone,https://github.com/PaulBone,Externals
xPaw,https://github.com/xPaw,Externals
samoht,https://github.com/samoht,Externals
mathewmariani,https://github.com/mathewmariani,Externals
DennisMcWherter,https://github.com/DennisMcWherter,Externals
timurb,https://github.com/timurb,Externals
imsys,https://github.com/imsys,Externals
cgranade,https://github.com/cgranade,Externals
ianamason,https://github.com/ianamason,Externals
munrocape,https://github.com/munrocape,Externals
JJ,https://github.com/JJ,Externals
CrimsonTautology,https://github.com/CrimsonTautology,Externals
joewiz,https://github.com/joewiz,Externals
veganstraightedge,https://github.com/veganstraightedge,Externals
ngn,https://github.com/ngn,Externals
kaendfinger,https://github.com/kaendfinger,Externals
stevex86,https://github.com/stevex86,Externals
jrnold,https://github.com/jrnold,Externals
Rolinh,https://github.com/Rolinh,Externals
Phineas,https://github.com/Phineas,Externals
bakkdoor,https://github.com/bakkdoor,Externals
aivus,https://github.com/aivus,Externals
arctic5,https://github.com/arctic5,Externals
zzet,https://github.com/zzet,Externals
oubiwann,https://github.com/oubiwann,Externals
techhat,https://github.com/techhat,Externals
yuya-takeyama,https://github.com/yuya-takeyama,Externals
grindhold,https://github.com/grindhold,Externals
semperos,https://github.com/semperos,Externals
michaelmior,https://github.com/michaelmior,Externals
Dav1dde,https://github.com/Dav1dde,Externals
aclements,https://github.com/aclements,Externals
briandela,https://github.com/briandela,Externals
sunaku,https://github.com/sunaku,Externals
Shan1024,https://github.com/Shan1024,Externals
cstrahan,https://github.com/cstrahan,Externals
lparenteau,https://github.com/lparenteau,Externals
hipikat,https://github.com/hipikat,Externals
Sheeo,https://github.com/Sheeo,Externals
glts,https://github.com/glts,Externals
neersighted,https://github.com/neersighted,Externals
jglick,https://github.com/jglick,Externals
dom96,https://github.com/dom96,Externals
c1phr,https://github.com/c1phr,Externals
GreatEmerald,https://github.com/GreatEmerald,Externals
rengolin,https://github.com/rengolin,Externals
afischer,https://github.com/afischer,Externals
nwellnhof,https://github.com/nwellnhof,Externals
jiyinyiyong,https://github.com/jiyinyiyong,Externals
simonwistow,https://github.com/simonwistow,Externals
Bartvds,https://github.com/Bartvds,Externals
tiwe-de,https://github.com/tiwe-de,Externals
sigurdsvela,https://github.com/sigurdsvela,Externals
scottmangiapane,https://github.com/scottmangiapane,Externals
scottjg,https://github.com/scottjg,Externals
oldmud0,https://github.com/oldmud0,Externals
evanmiller,https://github.com/evanmiller,Externals
pditommaso,https://github.com/pditommaso,Externals
MichaelGrafnetter,https://github.com/MichaelGrafnetter,Externals
utkarshkukreti,https://github.com/utkarshkukreti,Externals
bhuga,https://github.com/bhuga,Externals
nox,https://github.com/nox,Externals
waywardmonkeys,https://github.com/waywardmonkeys,Externals
avdg,https://github.com/avdg,Externals
andygrunwald,https://github.com/andygrunwald,Externals
talentdeficit,https://github.com/talentdeficit,Externals
windley,https://github.com/windley,Externals
mattn,https://github.com/mattn,Externals
MathBunny,https://github.com/MathBunny,Externals
jelder,https://github.com/jelder,Externals
upsuper,https://github.com/upsuper,Externals
sunderls,https://github.com/sunderls,Externals
waddlesplash,https://github.com/waddlesplash,Externals
qqshfox,https://github.com/qqshfox,Externals
ai,https://github.com/ai,Externals
deadfoxygrandpa,https://github.com/deadfoxygrandpa,Externals
bricker,https://github.com/bricker,Externals
mihaip,https://github.com/mihaip,Externals
kevmoo,https://github.com/kevmoo,Externals
thotypous,https://github.com/thotypous,Externals
danijar,https://github.com/danijar,Externals
WestleyArgentum,https://github.com/WestleyArgentum,Externals
BaiGang,https://github.com/BaiGang,Externals
drewcrawford,https://github.com/drewcrawford,Externals
brynary,https://github.com/brynary,Externals
pjhyett,https://github.com/pjhyett,Externals
mrmonday,https://github.com/mrmonday,Externals
ifarbod,https://github.com/ifarbod,Externals
seanupton,https://github.com/seanupton,Externals
alokedesai,https://github.com/alokedesai,Externals
acgetchell,https://github.com/acgetchell,Externals
CalebFenton,https://github.com/CalebFenton,Externals
alexruperez,https://github.com/alexruperez,Externals
mdespuits,https://github.com/mdespuits,Externals
zhuzhuor,https://github.com/zhuzhuor,Externals
wilg,https://github.com/wilg,Externals
richo,https://github.com/richo,Externals
baoshan,https://github.com/baoshan,Externals
vog,https://github.com/vog,Externals
aseemk,https://github.com/aseemk,Externals
aquileia,https://github.com/aquileia,Externals
unfunco,https://github.com/unfunco,Externals
alexweber,https://github.com/alexweber,Externals
creasty,https://github.com/creasty,Externals
cono,https://github.com/cono,Externals
abahgat,https://github.com/abahgat,Externals
yyx990803,https://github.com/yyx990803,Externals
mgdm,https://github.com/mgdm,Externals
mmhelloworld,https://github.com/mmhelloworld,Externals
davidabian,https://github.com/davidabian,Externals
justinyost,https://github.com/justinyost,Externals
ecere,https://github.com/ecere,Externals
claytononeill,https://github.com/claytononeill,Externals
pao,https://github.com/pao,Externals
ming13,https://github.com/ming13,Externals
natebrennand,https://github.com/natebrennand,Externals
KrauseFx,https://github.com/KrauseFx,Externals
jlord,https://github.com/jlord,Externals
joaquincasares,https://github.com/joaquincasares,Externals
Turbo87,https://github.com/Turbo87,Externals
akissinger,https://github.com/akissinger,Externals
juliangehring,https://github.com/juliangehring,Externals
HQ063,https://github.com/HQ063,Externals
anpar,https://github.com/anpar,Externals
rlespinasse,https://github.com/rlespinasse,Externals
chillum,https://github.com/chillum,Externals
rankida,https://github.com/rankida,Externals
fragmer,https://github.com/fragmer,Externals
greghendershott,https://github.com/greghendershott,Externals
JoshOldenburg,https://github.com/JoshOldenburg,Externals
standage,https://github.com/standage,Externals
kmaehashi,https://github.com/kmaehashi,Externals
FredrikL,https://github.com/FredrikL,Externals
siegy22,https://github.com/siegy22,Externals
Lazersmoke,https://github.com/Lazersmoke,Externals
hearsilent,https://github.com/hearsilent,Externals
johan,https://github.com/johan,Externals
kohenkatz,https://github.com/kohenkatz,Externals
menduz,https://github.com/menduz,Externals
metopa,https://github.com/metopa,Externals
snormore,https://github.com/snormore,Externals
dasmithii,https://github.com/dasmithii,Externals
refractalize,https://github.com/refractalize,Externals
tricknotes,https://github.com/tricknotes,Externals
Drup,https://github.com/Drup,Externals
c-lipka,https://github.com/c-lipka,Externals
FarbodSalamat-Zadeh,https://github.com/FarbodSalamat-Zadeh,Externals
jlec,https://github.com/jlec,Externals
vincentwoo,https://github.com/vincentwoo,Externals
matthew-white,https://github.com/matthew-white,Externals
leto,https://github.com/leto,Externals
mrego,https://github.com/mrego,Externals
cozos,https://github.com/cozos,Externals
egorzhdan,https://github.com/egorzhdan,Externals
jeffreykegler,https://github.com/jeffreykegler,Externals
gsmcwhirter,https://github.com/gsmcwhirter,Externals
adaedra,https://github.com/adaedra,Externals
jeanlouisboudart,https://github.com/jeanlouisboudart,Externals
KevinT,https://github.com/KevinT,Externals
shaunlebron,https://github.com/shaunlebron,Externals
DavidJFelix,https://github.com/DavidJFelix,Externals
ppwwyyxx,https://github.com/ppwwyyxx,Externals
baroquebobcat,https://github.com/baroquebobcat,Externals
whitten,https://github.com/whitten,Externals
rayvector,https://github.com/rayvector,Externals
albertlyu,https://github.com/albertlyu,Externals
lkuper,https://github.com/lkuper,Externals
pointwise,https://github.com/pointwise,Externals
maxogden,https://github.com/maxogden,Externals
astavale,https://github.com/astavale,Externals
geoff-codes,https://github.com/geoff-codes,Externals
Ryman,https://github.com/Ryman,Externals
akhtars,https://github.com/akhtars,Externals
freebroccolo,https://github.com/freebroccolo,Externals
jasonbot,https://github.com/jasonbot,Externals
honzabrecka,https://github.com/honzabrecka,Externals
Gozala,https://github.com/Gozala,Externals
LeonaMorro,https://github.com/LeonaMorro,Externals
adelcambre,https://github.com/adelcambre,Externals
earwig,https://github.com/earwig,Externals
prertik,https://github.com/prertik,Externals
tschf,https://github.com/tschf,Externals
hyperair,https://github.com/hyperair,Externals
faithanne,https://github.com/faithanne,Externals
atomicptr,https://github.com/atomicptr,Externals
russelldavis,https://github.com/russelldavis,Externals
alaingilbert,https://github.com/alaingilbert,Externals
Uberi,https://github.com/Uberi,Externals
jstrachan,https://github.com/jstrachan,Externals
joeyspin,https://github.com/joeyspin,Externals
oktapodia,https://github.com/oktapodia,Externals
drautb,https://github.com/drautb,Externals
TingPing,https://github.com/TingPing,Externals
ruv,https://github.com/ruv,Externals
KoffeinFlummi,https://github.com/KoffeinFlummi,Externals
NiklasRosenstein,https://github.com/NiklasRosenstein,Externals
alflanagan,https://github.com/alflanagan,Externals
alexlouden,https://github.com/alexlouden,Externals
diekmann,https://github.com/diekmann,Externals
kashif,https://github.com/kashif,Externals
krk,https://github.com/krk,Externals
steinwaywhw,https://github.com/steinwaywhw,Externals
mamodom,https://github.com/mamodom,Externals
soc,https://github.com/soc,Externals
remixz,https://github.com/remixz,Externals
hdgarrood,https://github.com/hdgarrood,Externals
kepstin,https://github.com/kepstin,Externals
jecisc,https://github.com/jecisc,Externals
jesusaurus,https://github.com/jesusaurus,Externals
am11,https://github.com/am11,Externals
fix-fix,https://github.com/fix-fix,Externals
mandel,https://github.com/mandel,Externals
3flex,https://github.com/3flex,Externals
powerman,https://github.com/powerman,Externals
ajlangley,https://github.com/ajlangley,Externals
phillipberndt,https://github.com/phillipberndt,Externals
ankitr,https://github.com/ankitr,Externals
rji,https://github.com/rji,Externals
wizawu,https://github.com/wizawu,Externals
infininight,https://github.com/infininight,Externals
danmichaelo,https://github.com/danmichaelo,Externals
csimons,https://github.com/csimons,Externals
pwaller,https://github.com/pwaller,Externals
pborreli,https://github.com/pborreli,Externals
justinclift,https://github.com/justinclift,Externals
geekflyer,https://github.com/geekflyer,Externals
jredville,https://github.com/jredville,Externals
couchand,https://github.com/couchand,Externals
humzashah,https://github.com/humzashah,Externals
michaelficarra,https://github.com/michaelficarra,Externals
ykzts,https://github.com/ykzts,Externals
soonhokong,https://github.com/soonhokong,Externals
frunns,https://github.com/frunns,Externals
waveform80,https://github.com/waveform80,Externals
vors,https://github.com/vors,Externals
wmertens,https://github.com/wmertens,Externals
erik,https://github.com/erik,Externals
petercrlane,https://github.com/petercrlane,Externals
chochos,https://github.com/chochos,Externals
mephaust,https://github.com/mephaust,Externals
redroot,https://github.com/redroot,Externals
alokmenghrajani,https://github.com/alokmenghrajani,Externals
kr,https://github.com/kr,Externals
draegtun,https://github.com/draegtun,Externals
ferrall,https://github.com/ferrall,Externals
mavam,https://github.com/mavam,Externals
jsocol,https://github.com/jsocol,Externals
ngarnier,https://github.com/ngarnier,Externals
robin850,https://github.com/robin850,Externals
josh-padnick,https://github.com/josh-padnick,Externals
saantiaguilera,https://github.com/saantiaguilera,Externals
manveru,https://github.com/manveru,Externals
jimhester,https://github.com/jimhester,Externals
MattDMo,https://github.com/MattDMo,Externals
ellemenno,https://github.com/ellemenno,Externals
soimort,https://github.com/soimort,Externals
sandyarmstrong,https://github.com/sandyarmstrong,Externals
johanatan,https://github.com/johanatan,Externals
Aaron1011,https://github.com/Aaron1011,Externals
CNG,https://github.com/CNG,Externals
GWRon,https://github.com/GWRon,Externals
tucnak,https://github.com/tucnak,Externals
GiampaoloFalqui,https://github.com/GiampaoloFalqui,Externals
karel-brinda,https://github.com/karel-brinda,Externals
halirutan,https://github.com/halirutan,Externals
ahmadsalim,https://github.com/ahmadsalim,Externals
t-b,https://github.com/t-b,Externals
rdwampler,https://github.com/rdwampler,Externals
adius,https://github.com/adius,Externals
henrikhodne,https://github.com/henrikhodne,Externals
tamird,https://github.com/tamird,Externals
shortstuffsushi,https://github.com/shortstuffsushi,Externals
timm,https://github.com/timm,Externals
robrix,https://github.com/robrix,Internals
parkr,https://github.com/parkr,Internals
matthewmccullough,https://github.com/matthewmccullough,Internals
tarebyte,https://github.com/tarebyte,Internals
ptoomey3,https://github.com/ptoomey3,Internals
snh,https://github.com/snh,Internals
stoe,https://github.com/stoe,Internals
rafer,https://github.com/rafer,Internals
tclem,https://github.com/tclem,Internals
